,score,seqid,seq
0,0.96376682,0.104477612,NQYDVIIIGSGIAGALTGAVLAKSGLNVLILDSAQHPRFSVGEAATVLGPFPGNSGFLLRLLSKRFDIPEIAYLSHPDKIIQHVGSSACGISNYSFAWHQENAPSSPDHLVALVDPGPPANGAHLFRQDIDYFALMIALKHGAESRQNIKIESISLNDDGVEVALSNAAPVKAAFIIDAAAQGSPLSRQLGLRTTEGLATDTCSFFTHMLNVKSYEDALAPLSRTRSPIELFKSTLHHIFEEGWLWVIPFNNHPQGTNQLCSIGFQFNNAKYRPTEAPEIEFRKLLKKYPAIGEHFKDAVNAREWIYAPRINYRSVQNVGDRFCLLPQATGFIDPLFSRGLITTFESILRLAPKVLDAARSNRWQREQFIEVERHCLNAVATNDQLVSCSYEAFSDFHLWNVWHRVWVAGLFEEGSLFLQKLLHDLEHSGDARQFDAALEAVRFPGCLSLDSPAYESLFRQSCQVMQQAREQARPVAETANALHELIKEHEAELLPLGYSRISNRFLNLASTEEAVEALLGPRWEALRAAAAARLAAEAAAA
22,0.986179312,0.104477612,NQYDVIIIGSGIAGALTGAVLAKSGLNVLILDSAQHPRFSVGEAATVLGPFPGTSGFLLRLLSKRFDIPEIAYLSHPDKIIQHVGSSACGISNWSFAWHQENAPSSPDHLVALVDPGPPANGAHLFRQDIDYFALMIALKHGAESRQNIKIESISLNDDGVEVALSNAAPVKAAFIIDAAAQGSPLSRQLGLRTTEGLATDTCSFFTHMLNVKSYEDALAPLSRTRSPIELFKSTLHHIFEEGWLWVIPFNNHPQGTNQLCSIGFQFNNAKYRPTEAPEIEFRKLLKKYPAIGEHFKDAVNAREWIYAPRINYRSVQNVGDRFCLLPQATGFIDPLFSRGLITTFESILRLAPKVLDAARSNRWQREQFIEVERHCLNAVATNDQLVSCSYEAFSDFHLWNVWHRVWVAGLDAEGSAFLQKLLHDLEHSGDARQFDAALEAVRFPGCLSLDSPAYESLFRQSCQVMQQAREQARPVAETANALHELIKEHEAELLPLGYSRISNRFLNLATTPEALEAHLGPRWEALRARAAERLAAEAAAA
11,1.000238753,0.134328358,NQYDVIIIGSGIAGALTGAVLAKSGLNVLILDSAQHPRFSVGEAATVLGPFPGNSGFLLRLLSKRFDIPEIAYLSHPDKIIQHVGSSACGISNYSFAWHQENAPSSPDHLVAVVDPGPPGNGAHLFRQDIDYFALMIALKHGAESRQNIKIESISLNDDGVEVALSNAAPVKAAFIIDAAAQGSPLSRQLGLRTTEGLATDTCSFFTHMLNVKSYEDALAPLSRTRSPIELFKSTLHHIFEEGWLWVIPFNNHPQGTNQLCSIGFQFNNAKYRPTEAPEIEFRKLLKKYPAIGEHFKDAVNAREWIYAPRINYRSVQNVGDRFCLLPQATGFIDPLFSRGLITTFESILRLAPKVLDAARSNRWQREQFIEVERHCLNAVATNDQLVSCSYEAFSDFHLWNVWHRVWVAGELVEGSLFLQKLLHDLEHSGDARQFDAALEAVRFPGCLSLDSPAYESLFRQSCQVMQQAREQARPVAETANALHELIKEHEAELLPLGYSRISNRFLNLGTTEAAREALLGPRWAALRARAAERLAAEEAAR
6,1.003700508,0.149253731,NQYDVIIIGSGIAGALTGAVLAKSGLNVLILDSAQHPRFSVGEAATVLGPIPGTSGFLLRLLSKRFDIPEIAYLSHPDKIIQHVGSSACGISNYSFAWHQENAPSSPDHLVAVVDPGGPGNGAHLFRQDIDYFALMIALKHGAESRQNIKIESISLNDDGVEVALSNAAPVKAAFIIDAAAQGSPLSRQLGLRTTEGLATDTCSFFTHMLNVKSYEDALAPLSRTRSPIELFKSTLHHIFEEGWLWVIPFNNHPQGTNQLCSIGFQFNNAKYRPTEAPEIEFRKLLKKYPAIGEHFKDAVNAREWIYAPRINYRSVQNVGDRFCLLPQATGFIDPLFSRGLITTFESILRLAPKVLDAARSNRWQREQFIEVERHCLNAVATNDQLVSCSYEAFSDFHLWNVWHRVWVAGLLVEGSLFLQKLLHDLEHSGDARQFDAALEAVRFPGCLSLDSPAYESLFRQSCQVMQQAREQARPVAETANALHELIKEHEAELLPLGYSRISNRFLNLGTTPEAREALLGPRWAALRERAAALLAAREAAA
30,1.008454278,0.119402985,NQYDVIIIGSGIAGALTGAVLAKSGLNVLILDSAQHPRFSVGEAATVLGDIPGNSGFLLRLLSKRFDIPEIAYLSHPDKIIQHVGSSACGISNYSFAWHQENAPSSPDHLVALVDPGGPANGAHLFRQDIDYFALMIALKHGAESRQNIKIESISLNDDGVEVALSNAAPVKAAFIIDAAAQGSPLSRQLGLRTTEGLATDTCSFFTHMLNVKSYEDALAPLSRTRSPIELFKSTLHHIFEEGWLWVIPFNNHPQGTNQLCSIGFQFNNAKYRPTEAPEIEFRKLLKKYPAIGEHFKDAVNAREWIYAPRINYRSVQNVGDRFCLLPQATGFIDPLFSRGLITTFESILRLAPKVLDAARSNRWQREQFIEVERHCLNAVATNDQLVSCSYEAFSDFHLWNVWHRVWWAGLFDEGSLFLQKLLHDLEHSGDARQFDAALEAVRFPGCLSLDSPAYESLFRQSCQVMQQAREQARPVAETANALHELIKEHEAELLPLGYSRISNRFLNRATTPEAREAKFGPRWAALRERAAALLAAREAAA
24,1.008871469,0.119402985,NQYDVIIIGSGIAGALTGAVLAKSGLNVLILDSAQHPRFSVGEAATVLGPFPGNSGFLLRLLSKRFDIPEIAYLSHPDKIIQHVGSSACGIGNYSFAWHQENAPSSPDHLVALVDPGPPANGAHLFRQDIDYFALMIALKHGAESRQNIKIESISLNDDGVEVALSNAAPVKAAFIIDAAAQGSPLSRQLGLRTTEGLATDTCSFFTHMLNVKSYEDALAPLSRTRSPIELFKSTLHHIFEEGWLWVIPFNNHPQGTNQLCSIGFQFNNAKYRPTEAPEIEFRKLLKKYPAIGEHFKDAVNAREWIYAPRINYRSVQNVGDRFCLLPQATGFIDPLFSRGLITTFESILRLAPKVLDAARSNRWQREQFIEVERHCLNAVATNDQLVSCSYEAFSDFHLWNVWHRVWWAGLYELGSAFLQKLLHDLEHSGDARQFDAALEAVRFPGCLSLDSPAYESLFRQSCQVMQQAREQARPVAETANALHELIKEHEAELLPLGYSRISNRFLNRATTPEALEALLGPRWAALRERAAARLAAEEAAA
28,1.010918795,0.104477612,NQYDVIIIGSGIAGALTGAVLAKSGLNVLILDSAQHPRFSVGEAATNLGLFPGNSGFLLRLLSKRFDIPEIAYLSHPDKIIQHVGSSACGISNYSFAWHQENAPSSPDHLVAVVDPGPPANGAHLFRQDIDYFALMIALKHGAESRQNIKIESISLNDDGVEVALSNAAPVKAAFIIDAAAQGSPLSRQLGLRTTEGLATDTCSFFTHMLNVKSYEDALAPLSRTRSPIELFKSTLHHIFEEGWLWVIPFNNHPQGTNQLCSIGFQFNNAKYRPTEAPEIEFRKLLKKYPAIGEHFKDAVNAREWIYAPRINYRSVQNVGDRFCLLPQATGFIDPLFSRGLITTFESILRLAPKVLDAARSNRWQREQFIEVERHCLNAVATNDQLVSCSYEAFSDFHLWNVWHRVWVAGDLVEGSAFLQKLLHDLEHSGDARQFDAALEAVRFPGCLSLDSPAYESLFRQSCQVMQQAREQARPVAETANALHELIKEHEAELLPLGYSRISNRFLNLATTPEALEAKLGPRWEALQARAAERLAEEERRA
5,1.014873991,0.134328358,NQYDVIIIGSGIAGALTGAVLAKSGLNVLILDSAQHPRFSVGEAATVLGPFPGQSGFLLRLLSKRFDIPEIAYLSHPDKIIQHVGSSACGIGNYSFAWHQENAPSSPDHLVALVDPGGPANGAHLFRQDIDYFALMIALKHGAESRQNIKIESISLNDDGVEVALSNAAPVKAAFIIDAAAQGSPLSRQLGLRTTEGLATDTCSFFTHMLNVKSYEDALAPLSRTRSPIELFKSTLHHIFEEGWLWVIPFNNHPQGTNQLCSIGFQFNNAKYRPTEAPEIEFRKLLKKYPAIGEHFKDAVNAREWIYAPRINYRSVQNVGDRFCLLPQATGFIDPLFSRGLITTFESILRLAPKVLDAARSNRWQREQFIEVERHCLNAVATNDQLVSCSYEAFSDFHLWNVWHRVWVAGLFVEGSLFLQKLLHDLEHSGDARQFDAALEAVRFPGCLSLDSPAYESLFRQSCQVMQQAREQARPVAETANALHELIKEHEAELLPLGYSRISNRFLNLKTTPEAVEAKFGPRWAALRERAAERLAEEERRA
2,1.016298889,0.104477612,NQYDVIIIGSGIAGALTGAVLAKSGLNVLILDSAQHPRFSVGEAATVLGPFPGNSGFLLRLLSKRFDIPEIAYLSHPDKIIQHVGSSACGISNYSFAWHQENAPSSPDHLVALVDPGPPANGAHLFRQDIDYFALMIALKHGAESRQNIKIESISLNDDGVEVALSNAAPVKAAFIIDAAAQGSPLSRQLGLRTTEGLATDTCSFFTHMLNVKSYEDALAPLSRTRSPIELFKSTLHHIFEEGWLWVIPFNNHPQGTNQLCSIGFQFNNAKYRPTEAPEIEFRKLLKKYPAIGEHFKDAVNAREWIYAPRINYRSVQNVGDRFCLLPQATGFIDPLFSRGLITTFESILRLAPKVLDAARSNRWQREQFIEVERHCLNAVATNDQLVSCSYEAFSDFHLWNVWHRVWDAGLFVEGSLFLQKLLHDLEHSGDARQFDAALEAVRFPGCLSLDSPAYESLFRQSCQVMQQAREQARPVAETANALHELIKEHEAELLPLGYSRISNRFRNLASTEAAIEAKFGPRFAALRARAEERLAAEEAAR
19,1.017379128,0.119402985,NQYDVIIIGSGIAGALTGAVLAKSGLNVLILDSAQHPRFSVGEAATVLGPFPGNSGFLLRLLSKRFDIPEIAYLSHPDKIIQHVGSSACGISNYSFAWHQENAPSSPDHLVALVDPGPPANGAHLFRQDIDYFALMIALKHGAESRQNIKIESISLNDDGVEVALSNAAPVKAAFIIDAAAQGSPLSRQLGLRTTEGLATDTCSFFTHMLNVKSYEDALAPLSRTRSPIELFKSTLHHIFEEGWLWVIPFNNHPQGTNQLCSIGFQFNNAKYRPTEAPEIEFRKLLKKYPAIGEHFKDAVNAREWIYAPRINYRSVQNVGDRFCLLPQATGFIDPLFSRGLITTFESILRLAPKVLDAARSNRWQREQFIEVERHCLNAVATNDQLVSCSYEAFSDFHLWNVWHRVWDAGLLVEGSLFLQKLLHDLEHSGDARQFDAALEAVRFPGCLSLDSPAYESLFRQSCQVMQQAREQARPVAETANALHELIKEHEAELLPLGYSRISNRFLNLGSTPEAIEAKFGPRWAELRARAEARLAAEAAAA
31,1.021091617,0.149253731,NQYDVIIIGSGIAGALTGAVLAKSGLNVLILDSAQHPRFSVGEAATVLGPFPGLSGFLLRLLSKRFDIPEIAYLSHPDKIIQHVGSSACGIGNYSFAWHQENAPSSPDHLVALVDPGPPGNGAHLFRQDIDYFALMIALKHGAESRQNIKIESISLNDDGVEVALSNAAPVKAAFIIDAAAQGSPLSRQLGLRTTEGLATDTCSFFTHMLNVKSYEDALAPLSRTRSPIELFKSTLHHIFEEGWLWVIPFNNHPQGTNQLCSIGFQFNNAKYRPTEAPEIEFRKLLKKYPAIGEHFKDAVNAREWIYAPRINYRSVQNVGDRFCLLPQATGFIDPLFSRGLITTFESILRLAPKVLDAARSNRWQREQFIEVERHCLNAVATNDQLVSCSYEAFSDFHLWNVWHRVWLAGLFVEGSLFLQKLLHDLEHSGDARQFDAALEAVRFPGCLSLDSPAYESLFRQSCQVMQQAREQARPVAETANALHELIKEHEAELLPLGYSRISNRFLNLGSTEEAVEAKFGPRWAALLARAEARLAAEEAAA
21,1.022389867,0.134328358,NQYDVIIIGSGIAGALTGAVLAKSGLNVLILDSAQHPRFSVGEAATVLGPIPGNSGFLLRLLSKRFDIPEIAYLSHPDKIIQHVGSSACGISNYSFAWHQENAPSSPDHLVAVVDPGGPGNGAHLFRQDIDYFALMIALKHGAESRQNIKIESISLNDDGVEVALSNAAPVKAAFIIDAAAQGSPLSRQLGLRTTEGLATDTCSFFTHMLNVKSYEDALAPLSRTRSPIELFKSTLHHIFEEGWLWVIPFNNHPQGTNQLCSIGFQFNNAKYRPTEAPEIEFRKLLKKYPAIGEHFKDAVNAREWIYAPRINYRSVQNVGDRFCLLPQATGFIDPLFSRGLITTFESILRLAPKVLDAARSNRWQREQFIEVERHCLNAVATNDQLVSCSYEAFSDFHLWNVWHRVWVAGFLEEGSLFLQKLLHDLEHSGDARQFDAALEAVRFPGCLSLDSPAYESLFRQSCQVMQQAREQARPVAETANALHELIKEHEAELLPLGYSRISNRFLNLASTPEARDALFGPRWAALRERAAARLAEEEARA
3,1.02428271,0.119402985,NQYDVIIIGSGIAGALTGAVLAKSGLNVLILDSAQHPRFSVGEAATVLGPIPGNSGFLLRLLSKRFDIPEIAYLSHPDKIIQHVGSSACGISNYSFAWHQENAPSSPDHLVAVVDPGGPANGAHLFRQDIDYFALMIALKHGAESRQNIKIESISLNDDGVEVALSNAAPVKAAFIIDAAAQGSPLSRQLGLRTTEGLATDTCSFFTHMLNVKSYEDALAPLSRTRSPIELFKSTLHHIFEEGWLWVIPFNNHPQGTNQLCSIGFQFNNAKYRPTEAPEIEFRKLLKKYPAIGEHFKDAVNAREWIYAPRINYRSVQNVGDRFCLLPQATGFIDPLFSRGLITTFESILRLAPKVLDAARSNRWQREQFIEVERHCLNAVATNDQLVSCSYEAFSDFHLWNVWHRVWLAGDLVLGSLFLQKLLHDLEHSGDARQFDAALEAVRFPGCLSLDSPAYESLFRQSCQVMQQAREQARPVAETANALHELIKEHEAELLPLGYSRISNRFLNLATTEEAREALLGPRWAALRARAAARLAAREAAA
8,1.024738703,0.104477612,NQYDVIIIGSGIAGALTGAVLAKSGLNVLILDSAQHPRFSVGEAATVLGPFPGNSGFLLRLLSKRFDIPEIAYLSHPDKIIQHVGSSACGISNYSFAWHQENAPSSPDHLVALVDPGPPANGAHLFRQDIDYFALMIALKHGAESRQNIKIESISLNDDGVEVALSNAAPVKAAFIIDAAAQGSPLSRQLGLRTTEGLATDTCSFFTHMLNVKSYEDALAPLSRTRSPIELFKSTLHHIFEEGWLWVIPFNNHPQGTNQLCSIGFQFNNAKYRPTEAPEIEFRKLLKKYPAIGEHFKDAVNAREWIYAPRINYRSVQNVGDRFCLLPQATGFIDPLFSRGLITTFESILRLAPKVLDAARSNRWQREQFIEVERHCLNAVATNDQLVSCSYEAFSDFHLWNVWHRVWLAGLDVEGSLFLQKLLHDLEHSGDARQFDAALEAVRFPGCLSLDSPAYESLFRQSCQVMQQAREQARPVAETANALHELIKEHEAELLPLGYSRISNRFLNLASTPEAVEALMGPRWEALRARAAARLAAREAAA
4,1.0352035,0.134328358,NQYDVIIIGSGIAGALTGAVLAKSGLNVLILDSAQHPRFSVGEAATVLGPFPGNSGFLLRLLSKRFDIPEIAYLSHPDKIIQHVGSSACGISNWSFAWHQENAPSSPDHLVALVDPGGPGNGAHLFRQDIDYFALMIALKHGAESRQNIKIESISLNDDGVEVALSNAAPVKAAFIIDAAAQGSPLSRQLGLRTTEGLATDTCSFFTHMLNVKSYEDALAPLSRTRSPIELFKSTLHHIFEEGWLWVIPFNNHPQGTNQLCSIGFQFNNAKYRPTEAPEIEFRKLLKKYPAIGEHFKDAVNAREWIYAPRINYRSVQNVGDRFCLLPQATGFIDPLFSRGLITTFESILRLAPKVLDAARSNRWQREQFIEVERHCLNAVATNDQLVSCSYEAFSDFHLWNVWHRVWLAGDFELGSLFLQKLLHDLEHSGDARQFDAALEAVRFPGCLSLDSPAYESLFRQSCQVMQQAREQARPVAETANALHELIKEHEAELLPLGYSRISNRFLNLATTPEAREALLGPRWAALQARAAERLAAEEAAA
1,1.038386398,0.134328358,NQYDVIIIGSGIAGALTGAVLAKSGLNVLILDSAQHPRFSVGEAATVLGPFPGQSGFLLRLLSKRFDIPEIAYLSHPDKIIQHVGSSACGIGNYSFAWHQENAPSSPDHLVALVDPGGPANGAHLFRQDIDYFALMIALKHGAESRQNIKIESISLNDDGVEVALSNAAPVKAAFIIDAAAQGSPLSRQLGLRTTEGLATDTCSFFTHMLNVKSYEDALAPLSRTRSPIELFKSTLHHIFEEGWLWVIPFNNHPQGTNQLCSIGFQFNNAKYRPTEAPEIEFRKLLKKYPAIGEHFKDAVNAREWIYAPRINYRSVQNVGDRFCLLPQATGFIDPLFSRGLITTFESILRLAPKVLDAARSNRWQREQFIEVERHCLNAVATNDQLVSCSYEAFSDFHLWNVWHRVWWAGQFAEGSLFLQKLLHDLEHSGDARQFDAALEAVRFPGCLSLDSPAYESLFRQSCQVMQQAREQARPVAETANALHELIKEHEAELLPLGYSRISNRFLNLASTPEAVERLLGPRFAALRERAAERLREEEERA
29,1.040203935,0.104477612,NQYDVIIIGSGIAGALTGAVLAKSGLNVLILDSAQHPRFSVGEAATVRGDFPGTSGFLLRLLSKRFDIPEIAYLSHPDKIIQHVGSSACGISNYSFAWHQENAPSSPDHLVARVDPGPPANGAHLFRQDIDYFALMIALKHGAESRQNIKIESISLNDDGVEVALSNAAPVKAAFIIDAAAQGSPLSRQLGLRTTEGLATDTCSFFTHMLNVKSYEDALAPLSRTRSPIELFKSTLHHIFEEGWLWVIPFNNHPQGTNQLCSIGFQFNNAKYRPTEAPEIEFRKLLKKYPAIGEHFKDAVNAREWIYAPRINYRSVQNVGDRFCLLPQATGFIDPLFSRGLITTFESILRLAPKVLDAARSNRWQREQFIEVERHCLNAVATNDQLVSCSYEAFSDFHLWNVWHRVWDAGLYDEGSLFLQKLLHDLEHSGDARQFDAALEAVRFPGCLSLDSPAYESLFRQSCQVMQQAREQARPVAETANALHELIKEHEAELLPLGYSRISNRFRNYASTPEAVDAKFGPRWAALRARAAARLAAEAAAA
26,1.040846764,0.149253731,NQYDVIIIGSGIAGALTGAVLAKSGLNVLILDSAQHPRFSVGEAATVLGPFPGNSGFLLRLLSKRFDIPEIAYLSHPDKIIQHVGSSACGIGNYSFAWHQENAPSSPDHLVALVDPGGPGNGAHLFRQDIDYFALMIALKHGAESRQNIKIESISLNDDGVEVALSNAAPVKAAFIIDAAAQGSPLSRQLGLRTTEGLATDTCSFFTHMLNVKSYEDALAPLSRTRSPIELFKSTLHHIFEEGWLWVIPFNNHPQGTNQLCSIGFQFNNAKYRPTEAPEIEFRKLLKKYPAIGEHFKDAVNAREWIYAPRINYRSVQNVGDRFCLLPQATGFIDPLFSRGLITTFESILRLAPKVLDAARSNRWQREQFIEVERHCLNAVATNDQLVSCSYEAFSDFHLWNVWHRVWLAGLFVEGSLFLQKLLHDLEHSGDARQFDAALEAVRFPGCLSLDSPAYESLFRQSCQVMQQAREQARPVAETANALHELIKEHEAELLPLGYSRISNRFINLASTPEAVEAKLGPRWAALRERAARLLAEREARA
14,1.04261727,0.119402985,NQYDVIIIGSGIAGALTGAVLAKSGLNVLILDSAQHPRFSVGEAATVLGPFPGNSGFLLRLLSKRFDIPEIAYLSHPDKIIQHVGSSACGISNYSFAWHQENAPSSPDHLVALVDPGPPGNGAHLFRQDIDYFALMIALKHGAESRQNIKIESISLNDDGVEVALSNAAPVKAAFIIDAAAQGSPLSRQLGLRTTEGLATDTCSFFTHMLNVKSYEDALAPLSRTRSPIELFKSTLHHIFEEGWLWVIPFNNHPQGTNQLCSIGFQFNNAKYRPTEAPEIEFRKLLKKYPAIGEHFKDAVNAREWIYAPRINYRSVQNVGDRFCLLPQATGFIDPLFSRGLITTFESILRLAPKVLDAARSNRWQREQFIEVERHCLNAVATNDQLVSCSYEAFSDFHLWNVWHRVWVAGLDVEGSVFLQKLLHDLEHSGDARQFDAALEAVRFPGCLSLDSPAYESLFRQSCQVMQQAREQARPVAETANALHELIKEHEAELLPLGYSRISNRFLNLESTEAAVEAKFGPRWAALQARAAERLAAEAAAA
20,1.043472699,0.149253731,NQYDVIIIGSGIAGALTGAVLAKSGLNVLILDSAQHPRFSVGEAATTLGPFPGNSGFLLRLLSKRFDIPEIAYLSHPDKIIQHVGSSACGIGNYSFAWHQENAPSSPDHLVALVDPGGPGNGAHLFRQDIDYFALMIALKHGAESRQNIKIESISLNDDGVEVALSNAAPVKAAFIIDAAAQGSPLSRQLGLRTTEGLATDTCSFFTHMLNVKSYEDALAPLSRTRSPIELFKSTLHHIFEEGWLWVIPFNNHPQGTNQLCSIGFQFNNAKYRPTEAPEIEFRKLLKKYPAIGEHFKDAVNAREWIYAPRINYRSVQNVGDRFCLLPQATGFIDPLFSRGLITTFESILRLAPKVLDAARSNRWQREQFIEVERHCLNAVATNDQLVSCSYEAFSDFHLWNVWHRVWVAGLFAEGSLFLQKLLHDLEHSGDARQFDAALEAVRFPGCLSLDSPAYESLFRQSCQVMQQAREQARPVAETANALHELIKEHEAELLPLGYSRISNRFLNLATTPEAVEAKFGPRWAALREEAARRLEEEERRR
13,1.043890161,0.134328358,NQYDVIIIGSGIAGALTGAVLAKSGLNVLILDSAQHPRFSVGEAATVLGPFPGQSGFLLRLLSKRFDIPEIAYLSHPDKIIQHVGSSACGISNYSFAWHQENAPSSPDHLVALVDPGGPANGAHLFRQDIDYFALMIALKHGAESRQNIKIESISLNDDGVEVALSNAAPVKAAFIIDAAAQGSPLSRQLGLRTTEGLATDTCSFFTHMLNVKSYEDALAPLSRTRSPIELFKSTLHHIFEEGWLWVIPFNNHPQGTNQLCSIGFQFNNAKYRPTEAPEIEFRKLLKKYPAIGEHFKDAVNAREWIYAPRINYRSVQNVGDRFCLLPQATGFIDPLFSRGLITTFESILRLAPKVLDAARSNRWQREQFIEVERHCLNAVATNDQLVSCSYEAFSDFHLWNVWHRVWDAGLFVEGSLFLQKLLHDLEHSGDARQFDAALEAVRFPGCLSLDSPAYESLFRQSCQVMQQAREQARPVAETANALHELIKEHEAELLPLGYSRISNRFLNLGSTPEAVEALFGPRWEALRARAAELLAEEERRK
12,1.044300044,0.134328358,NQYDVIIIGSGIAGALTGAVLAKSGLNVLILDSAQHPRFSVGEAATVLGPFPGNSGFLLRLLSKRFDIPEIAYLSHPDKIIQHVGSSACGIGNYSFAWHQENAPSSPDHLVALVDPGPPGNGAHLFRQDIDYFALMIALKHGAESRQNIKIESISLNDDGVEVALSNAAPVKAAFIIDAAAQGSPLSRQLGLRTTEGLATDTCSFFTHMLNVKSYEDALAPLSRTRSPIELFKSTLHHIFEEGWLWVIPFNNHPQGTNQLCSIGFQFNNAKYRPTEAPEIEFRKLLKKYPAIGEHFKDAVNAREWIYAPRINYRSVQNVGDRFCLLPQATGFIDPLFSRGLITTFESILRLAPKVLDAARSNRWQREQFIEVERHCLNAVATNDQLVSCSYEAFSDFHLWNVWHRVWDAGFFVEGSLFLQKLLHDLEHSGDARQFDAALEAVRFPGCLSLDSPAYESLFRQSCQVMQQAREQARPVAETANALHELIKEHEAELLPLGYSRISNRFLNLASTEEAIEAKLGPRWAELRERARRRLEEEERRR
16,1.04456523,0.119402985,NQYDVIIIGSGIAGALTGAVLAKSGLNVLILDSAQHPRFSVGEAATVLGRIPGNSGFLLRLLSKRFDIPEIAYLSHPDKIIQHVGSSACGISNYSFAWHQENAPSSPDHLVAVVDPGPPGNGAHLFRQDIDYFALMIALKHGAESRQNIKIESISLNDDGVEVALSNAAPVKAAFIIDAAAQGSPLSRQLGLRTTEGLATDTCSFFTHMLNVKSYEDALAPLSRTRSPIELFKSTLHHIFEEGWLWVIPFNNHPQGTNQLCSIGFQFNNAKYRPTEAPEIEFRKLLKKYPAIGEHFKDAVNAREWIYAPRINYRSVQNVGDRFCLLPQATGFIDPLFSRGLITTFESILRLAPKVLDAARSNRWQREQFIEVERHCLNAVATNDQLVSCSYEAFSDFHLWNVWHRVWIAGLLDEGSLFLQKLLHDLEHSGDARQFDAALEAVRFPGCLSLDSPAYESLFRQSCQVMQQAREQARPVAETANALHELIKEHEAELLPLGYSRISNRFLNLETTEEAAEAKFGPRWEALRRRAAERLREEERRR
27,1.044728785,0.119402985,NQYDVIIIGSGIAGALTGAVLAKSGLNVLILDSAQHPRFSVGEAATVLGPFPGNSGFLLRLLSKRFDIPEIAYLSHPDKIIQHVGSSACGISNYSFAWHQENAPSSPDHLVALVDPGPPGNGAHLFRQDIDYFALMIALKHGAESRQNIKIESISLNDDGVEVALSNAAPVKAAFIIDAAAQGSPLSRQLGLRTTEGLATDTCSFFTHMLNVKSYEDALAPLSRTRSPIELFKSTLHHIFEEGWLWVIPFNNHPQGTNQLCSIGFQFNNAKYRPTEAPEIEFRKLLKKYPAIGEHFKDAVNAREWIYAPRINYRSVQNVGDRFCLLPQATGFIDPLFSRGLITTFESILRLAPKVLDAARSNRWQREQFIEVERHCLNAVATNDQLVSCSYEAFSDFHLWNVWHRVWWAGLLEEGSVFLQKLLHDLEHSGDARQFDAALEAVRFPGCLSLDSPAYESLFRQSCQVMQQAREQARPVAETANALHELIKEHEAELLPLGYSRISNRFLNRASTPEAVEAKFGPRWAELQARAAERLAAEEAAA
7,1.045326256,0.119402985,NQYDVIIIGSGIAGALTGAVLAKSGLNVLILDSAQHPRFSVGEAATVLGPFPGTSGFLLRLLSKRFDIPEIAYLSHPDKIIQHVGSSACGISNYSFAWHQENAPSSPDHLVALVDPGPPGNGAHLFRQDIDYFALMIALKHGAESRQNIKIESISLNDDGVEVALSNAAPVKAAFIIDAAAQGSPLSRQLGLRTTEGLATDTCSFFTHMLNVKSYEDALAPLSRTRSPIELFKSTLHHIFEEGWLWVIPFNNHPQGTNQLCSIGFQFNNAKYRPTEAPEIEFRKLLKKYPAIGEHFKDAVNAREWIYAPRINYRSVQNVGDRFCLLPQATGFIDPLFSRGLITTFESILRLAPKVLDAARSNRWQREQFIEVERHCLNAVATNDQLVSCSYEAFSDFHLWNVWHRVWDAGLYAEGSLFLQKLLHDLEHSGDARQFDAALEAVRFPGCLSLDSPAYESLFRQSCQVMQQAREQARPVAETANALHELIKEHEAELLPLGYSRISNRFLNLASTPAAIEAKLGPRWAELRARAAERLAARERAA
18,1.056555394,0.149253731,NQYDVIIIGSGIAGALTGAVLAKSGLNVLILDSAQHPRFSVGEAATVLGPIPGTSGFLLRLLSKRFDIPEIAYLSHPDKIIQHVGSSACGIGNYSFAWHQENAPSSPDHLVALVDPGGPGNGAHLFRQDIDYFALMIALKHGAESRQNIKIESISLNDDGVEVALSNAAPVKAAFIIDAAAQGSPLSRQLGLRTTEGLATDTCSFFTHMLNVKSYEDALAPLSRTRSPIELFKSTLHHIFEEGWLWVIPFNNHPQGTNQLCSIGFQFNNAKYRPTEAPEIEFRKLLKKYPAIGEHFKDAVNAREWIYAPRINYRSVQNVGDRFCLLPQATGFIDPLFSRGLITTFESILRLAPKVLDAARSNRWQREQFIEVERHCLNAVATNDQLVSCSYEAFSDFHLWNVWHRVWDAGLFAEGSAFLQKLLHDLEHSGDARQFDAALEAVRFPGCLSLDSPAYESLFRQSCQVMQQAREQARPVAETANALHELIKEHEAELLPLGYSRISNRFLNLATTEEAREAKFGPRWEALRARAAELLAQREREA
17,1.059274142,0.134328358,NQYDVIIIGSGIAGALTGAVLAKSGLNVLILDSAQHPRFSVGEAATVLGPFPGNSGFLLRLLSKRFDIPEIAYLSHPDKIIQHVGSSACGIGNYSFAWHQENAPSSPDHLVALVDPGPPYNGAHLFRQDIDYFALMIALKHGAESRQNIKIESISLNDDGVEVALSNAAPVKAAFIIDAAAQGSPLSRQLGLRTTEGLATDTCSFFTHMLNVKSYEDALAPLSRTRSPIELFKSTLHHIFEEGWLWVIPFNNHPQGTNQLCSIGFQFNNAKYRPTEAPEIEFRKLLKKYPAIGEHFKDAVNAREWIYAPRINYRSVQNVGDRFCLLPQATGFIDPLFSRGLITTFESILRLAPKVLDAARSNRWQREQFIEVERHCLNAVATNDQLVSCSYEAFSDFHLWNVWHRVWWAGLFEEGSLFLQKLLHDLEHSGDARQFDAALEAVRFPGCLSLDSPAYESLFRQSCQVMQQAREQARPVAETANALHELIKEHEAELLPLGYSRISNRFLNTGSTPEAVDARFGPRWAALRARAEARLAAREAAA
10,1.065304656,0.134328358,NQYDVIIIGSGIAGALTGAVLAKSGLNVLILDSAQHPRFSVGEAATVLGERPGNSGFLLRLLSKRFDIPEIAYLSHPDKIIQHVGSSACGISNYSFAWHQENAPSSPDHLVALVDPGGPGNGAHLFRQDIDYFALMIALKHGAESRQNIKIESISLNDDGVEVALSNAAPVKAAFIIDAAAQGSPLSRQLGLRTTEGLATDTCSFFTHMLNVKSYEDALAPLSRTRSPIELFKSTLHHIFEEGWLWVIPFNNHPQGTNQLCSIGFQFNNAKYRPTEAPEIEFRKLLKKYPAIGEHFKDAVNAREWIYAPRINYRSVQNVGDRFCLLPQATGFIDPLFSRGLITTFESILRLAPKVLDAARSNRWQREQFIEVERHCLNAVATNDQLVSCSYEAFSDFHLWNVWHRVWVAGLFDLGSLFLQKLLHDLEHSGDARQFDAALEAVRFPGCLSLDSPAYESLFRQSCQVMQQAREQARPVAETANALHELIKEHEAELLPLGYSRISNRFLNRASTPEAVEALLGPRWAALRARAAELLARREAEA
9,1.066406392,0.119402985,NQYDVIIIGSGIAGALTGAVLAKSGLNVLILDSAQHPRFSVGEAATVRGEFPGTSGFLLRLLSKRFDIPEIAYLSHPDKIIQHVGSSACGISNYSFAWHQENAPSSPDHLVARVDPGPPANGAHLFRQDIDYFALMIALKHGAESRQNIKIESISLNDDGVEVALSNAAPVKAAFIIDAAAQGSPLSRQLGLRTTEGLATDTCSFFTHMLNVKSYEDALAPLSRTRSPIELFKSTLHHIFEEGWLWVIPFNNHPQGTNQLCSIGFQFNNAKYRPTEAPEIEFRKLLKKYPAIGEHFKDAVNAREWIYAPRINYRSVQNVGDRFCLLPQATGFIDPLFSRGLITTFESILRLAPKVLDAARSNRWQREQFIEVERHCLNAVATNDQLVSCSYEAFSDFHLWNVWHRVWDAGLFEHGSLFLQKLLHDLEHSGDARQFDAALEAVRFPGCLSLDSPAYESLFRQSCQVMQQAREQARPVAETANALHELIKEHEAELLPLGYSRISNRFLNTGTTEEAREALFGPRWEALRARAEARLAAEAAAA
23,1.072348021,0.134328358,NQYDVIIIGSGIAGALTGAVLAKSGLNVLILDSAQHPRFSVGEAATVLGRRPGNSGFLLRLLSKRFDIPEIAYLSHPDKIIQHVGSSACGISNYSFAWHQENAPSSPDHLVALVDPGGPANGAHLFRQDIDYFALMIALKHGAESRQNIKIESISLNDDGVEVALSNAAPVKAAFIIDAAAQGSPLSRQLGLRTTEGLATDTCSFFTHMLNVKSYEDALAPLSRTRSPIELFKSTLHHIFEEGWLWVIPFNNHPQGTNQLCSIGFQFNNAKYRPTEAPEIEFRKLLKKYPAIGEHFKDAVNAREWIYAPRINYRSVQNVGDRFCLLPQATGFIDPLFSRGLITTFESILRLAPKVLDAARSNRWQREQFIEVERHCLNAVATNDQLVSCSYEAFSDFHLWNVWHRVWWAGLFEHGSLFLQKLLHDLEHSGDARQFDAALEAVRFPGCLSLDSPAYESLFRQSCQVMQQAREQARPVAETANALHELIKEHEAELLPLGYSRISNRFLNTGSTEEAEEALFGPRWEALLARAAELLAQREAEA
15,1.075191039,0.164179104,NQYDVIIIGSGIAGALTGAVLAKSGLNVLILDSAQHPRFSVGEAATVLGPWPGTSGFLLRLLSKRFDIPEIAYLSHPDKIIQHVGSSACGIGNYSFAWHQENAPSSPDHLVARVDPGGPGNGAHLFRQDIDYFALMIALKHGAESRQNIKIESISLNDDGVEVALSNAAPVKAAFIIDAAAQGSPLSRQLGLRTTEGLATDTCSFFTHMLNVKSYEDALAPLSRTRSPIELFKSTLHHIFEEGWLWVIPFNNHPQGTNQLCSIGFQFNNAKYRPTEAPEIEFRKLLKKYPAIGEHFKDAVNAREWIYAPRINYRSVQNVGDRFCLLPQATGFIDPLFSRGLITTFESILRLAPKVLDAARSNRWQREQFIEVERHCLNAVATNDQLVSCSYEAFSDFHLWNVWHRVWDAGLFDEGSLFLQKLLHDLEHSGDARQFDAALEAVRFPGCLSLDSPAYESLFRQSCQVMQQAREQARPVAETANALHELIKEHEAELLPLGYSRISNRFRNRGSTPEAVERLFGPRWEALQARAAELLRREEEEA
25,1.086794071,0.104477612,NQYDVIIIGSGIAGALTGAVLAKSGLNVLILDSAQHPRFSVGEAATVLGPWPGNSGFLLRLLSKRFDIPEIAYLSHPDKIIQHVGSSACGISNYSFAWHQENAPSSPDHLVALVDPGPPANGAHLFRQDIDYFALMIALKHGAESRQNIKIESISLNDDGVEVALSNAAPVKAAFIIDAAAQGSPLSRQLGLRTTEGLATDTCSFFTHMLNVKSYEDALAPLSRTRSPIELFKSTLHHIFEEGWLWVIPFNNHPQGTNQLCSIGFQFNNAKYRPTEAPEIEFRKLLKKYPAIGEHFKDAVNAREWIYAPRINYRSVQNVGDRFCLLPQATGFIDPLFSRGLITTFESILRLAPKVLDAARSNRWQREQFIEVERHCLNAVATNDQLVSCSYEAFSDFHLWNVWHRVWDAGLFAEGSLFLQKLLHDLEHSGDARQFDAALEAVRFPGCLSLDSPAYESLFRQSCQVMQQAREQARPVAETANALHELIKEHEAELLPLGYSRISNRFLNLASTPEAVDALLGPRWAELQRRAAERLRKEEEEA
